-- Insert Customers (50)
INSERT INTO Customers (CustomerID, Name, Phone, Email, JoinDate) VALUES
(1,'Amit Kumane','9999000001','amit.kumane@gmail.com','2024-01-15'), (2,'Sneha Sharma','9999000002','sneha.sharma@gmail.com','2024-02-10'),
(3,'Rahul Verma','9999000003','rahul.verma@gmail.com','2024-03-05'), (4,'Priya Reddy','9999000004','priya.reddy@gmail.com','2024-03-20'),
(5,'Vikram Singh','9999000005','vikram.singh@gmail.com','2024-04-01'), (6,'Anjali Gupta','9999000006','anjali.gupta@gmail.com','2024-04-12'),
(7,'Rohan Mehta','9999000007','rohan.mehta@gmail.com','2024-04-25'), (8,'Neha Kapoor','9999000008','neha.kapoor@gmail.com','2024-05-05'),
(9,'Karan Joshi','9999000009','karan.joshi@gmail.com','2024-05-15'), (10,'Simran Kaur','9999000010','simran.kaur@gmail.com','2024-05-20'),
(11,'Aditya Nair','9999000011','aditya.nair@gmail.com','2024-05-28'), (12,'Pooja Iyer','9999000012','pooja.iyer@gmail.com','2024-06-01'),
(13,'Manish Patel','9999000013','manish.patel@gmail.com','2024-06-07'), (14,'Ritu Chauhan','9999000014','ritu.chauhan@gmail.com','2024-06-15'),
(15,'Siddharth Rao','9999000015','siddharth.rao@gmail.com','2024-06-20'), (16,'Tanya Sharma','9999000016','tanya.sharma@gmail.com','2024-06-25'),
(17,'Devansh Malhotra','9999000017','devansh.malhotra@gmail.com','2024-07-02'), (18,'Mitali Desai','9999000018','mitali.desai@gmail.com','2024-07-10'),
(19,'Raghav Bhatia','9999000019','raghav.bhatia@gmail.com','2024-07-15'), (20,'Isha Raina','9999000020','isha.raina@gmail.com','2024-07-20'),
(21,'Kabir Sinha','9999000021','kabir.sinha@gmail.com','2024-07-25'), (22,'Megha Yadav','9999000022','megha.yadav@gmail.com','2024-08-01'),
(23,'Arjun Pillai','9999000023','arjun.pillai@gmail.com','2024-08-05'), (24,'Rhea Menon','9999000024','rhea.menon@gmail.com','2024-08-10'),
(25,'Varun Chawla','9999000025','varun.chawla@gmail.com','2024-08-15'), (26,'Shreya Joshi','9999000026','shreya.joshi@gmail.com','2024-08-20'),
(27,'Aarav Khanna','9999000027','aarav.khanna@gmail.com','2024-08-25'), (28,'Nikita Roy','9999000028','nikita.roy@gmail.com','2024-09-01'),
(29,'Harsh Agarwal','9999000029','harsh.agarwal@gmail.com','2024-09-05'), (30,'Sana Sheikh','9999000030','sana.sheikh@gmail.com','2024-09-10'),
(31,'Rohan Kapoor','9999000031','rohan.kapoor@gmail.com','2024-09-12'), (32,'Ananya Verma','9999000032','ananya.verma@gmail.com','2024-09-15'),
(33,'Aditya Singh','9999000033','aditya.singh@gmail.com','2024-09-18'), (34,'Priya Gupta','9999000034','priya.gupta@gmail.com','2024-09-20'),
(35,'Kunal Malhotra','9999000035','kunal.malhotra@gmail.com','2024-09-22'), (36,'Simran Sharma','9999000036','simran.sharma@gmail.com','2024-09-24'),
(37,'Tanya Kapoor','9999000037','tanya.kapoor@gmail.com','2024-09-26'), (38,'Vikram Reddy','9999000038','vikram.reddy@gmail.com','2024-09-28'),
(39,'Mihir Patel','9999000039','mihir.patel@gmail.com','2024-09-30'), (40,'Isha Mehta','9999000040','isha.mehta@gmail.com','2024-10-02'),
(41,'Kabir Sharma','9999000041','kabir.sharma@gmail.com','2024-10-04'), (42,'Rhea Kapoor','9999000042','rhea.kapoor@gmail.com','2024-10-06'),
(43,'Arjun Singh','9999000043','arjun.singh@gmail.com','2024-10-08'), (44,'Megha Reddy','9999000044','megha.reddy@gmail.com','2024-10-10'),
(45,'Harsh Verma','9999000045','harsh.verma@gmail.com','2024-10-12'), (46,'Nikita Sharma','9999000046','nikita.sharma@gmail.com','2024-10-14'),
(47,'Devansh Kapoor','9999000047','devansh.kapoor@gmail.com','2024-10-16'), (48,'Anjali Reddy','9999000048','anjali.reddy@gmail.com','2024-10-18'),
(49,'Siddharth Malhotra','9999000049','siddharth.malhotra@gmail.com','2024-10-20'), (50,'Pooja Sharma','9999000050','pooja.sharma@gmail.com','2024-10-22');

-- Insert Drivers (50)
INSERT INTO Drivers (DriverID, Name, Phone, LicenseNumber, Rating, JoinDate) VALUES
(1,'Ramesh Kumar','8888000001','DL1234561',4.8,'2023-01-10'), (2,'Suresh Sharma','8888000002','DL1234562',4.5,'2023-02-05'),
(3,'Amit Verma','8888000003','DL1234563',3.9,'2023-02-20'), (4,'Vikram Singh','8888000004','DL1234564',4.2,'2023-03-01'),
(5,'Rahul Mehta','8888000005','DL1234565',4.7,'2023-03-15'), (6,'Pankaj Gupta','8888000006','DL1234566',3.5,'2023-03-25'),
(7,'Anil Kapoor','8888000007','DL1234567',4.0,'2023-04-01'), (8,'Sanjay Reddy','8888000008','DL1234568',2.8,'2023-04-10'),
(9,'Deepak Joshi','8888000009','DL1234569',4.6,'2023-04-15'), (10,'Manish Iyer','8888000010','DL1234570',4.1,'2023-04-20'),
(11,'Karan Chauhan','8888000011','DL1234571',3.7,'2023-05-01'), (12,'Rohit Rao','8888000012','DL1234572',3.2,'2023-05-05'),
(13,'Nikhil Sharma','8888000013','DL1234573',4.3,'2023-05-10'), (14,'Pradeep Singh','8888000014','DL1234574',4.0,'2023-05-15'),
(15,'Ajay Malhotra','8888000015','DL1234575',2.9,'2023-05-20'), (16,'Vikas Patel','8888000016','DL1234576',4.5,'2023-05-25'),
(17,'Sandeep Mehta','8888000017','DL1234577',3.6,'2023-06-01'), (18,'Ramesh Reddy','8888000018','DL1234578',4.2,'2023-06-05'),
(19,'Amit Kapoor','8888000019','DL1234579',4.4,'2023-06-10'), (20,'Harsh Sharma','8888000020','DL1234580',3.0,'2023-06-15'),
(21,'Devansh Verma','8888000021','DL1234581',3.8,'2023-06-20'), (22,'Kunal Joshi','8888000022','DL1234582',4.1,'2023-06-25'),
(23,'Ravi Singh','8888000023','DL1234583',2.7,'2023-07-01'), (24,'Siddharth Reddy','8888000024','DL1234584',4.5,'2023-07-05'),
(25,'Anil Sharma','8888000025','DL1234585',4.0,'2023-07-10'), (26,'Vikram Gupta','8888000026','DL1234586',3.9,'2023-07-15'),
(27,'Rahul Kapoor','8888000027','DL1234587',4.6,'2023-07-20'), (28,'Ajay Verma','8888000028','DL1234588',3.3,'2023-07-25'),
(29,'Pankaj Singh','8888000029','DL1234589',4.4,'2023-08-01'), (30,'Deepak Malhotra','8888000030','DL1234590',3.1,'2023-08-05'),
(31,'Rohan Mehta','8888000031','DL1234591',4.7,'2023-08-10'), (32,'Suresh Kapoor','8888000032','DL1234592',3.5,'2023-08-15'),
(33,'Vikas Reddy','8888000033','DL1234593',4.2,'2023-08-20'), (34,'Nikhil Sharma','8888000034','DL1234594',3.8,'2023-08-25'),
(35,'Aditya Verma','8888000035','DL1234595',4.1,'2023-09-01'), (36,'Ramesh Patel','8888000036','DL1234596',3.7,'2023-09-05'),
(37,'Karan Malhotra','8888000037','DL1234597',4.3,'2023-09-10'), (38,'Sanjay Sharma','8888000038','DL1234598',2.9,'2023-09-15'),
(39,'Vikram Joshi','8888000039','DL1234599',4.5,'2023-09-20'), (40,'Rahul Reddy','8888000040','DL1234600',4.0,'2023-09-25'),
(41,'Manish Kapoor','8888000041','DL1234601',3.6,'2023-10-01'), (42,'Devansh Singh','8888000042','DL1234602',4.2,'2023-10-05'),
(43,'Harsh Malhotra','8888000043','DL1234603',3.0,'2023-10-10'), (44,'Amit Reddy','8888000044','DL1234604',4.4,'2023-10-15'),
(45,'Siddharth Sharma','8888000045','DL1234605',4.1,'2023-10-20'), (46,'Pankaj Verma','8888000046','DL1234606',3.3,'2023-10-25'),
(47,'Ravi Kapoor','8888000047','DL1234607',4.6,'2023-10-28'), (48,'Kunal Sharma','8888000048','DL1234608',3.5,'2023-10-30'),
(49,'Vikram Malhotra','8888000049','DL1234609',4.3,'2023-11-01'), (50,'Anil Reddy','8888000050','DL1234610',3.9,'2023-11-05');

-- Insert Cabs (50)
INSERT INTO Cabs (CabID, DriverID, VehicleType, RegistrationNumber) VALUES
(1,1,'Sedan','DL01AA1001'), (2,2,'SUV','DL01AA1002'), (3,3,'Hatchback','DL01AA1003'), (4,4,'Sedan','DL01AA1004'),
(5,5,'SUV','DL01AA1005'), (6,6,'Sedan','DL01AA1006'), (7,7,'Hatchback','DL01AA1007'), (8,8,'SUV','DL01AA1008'),
(9,9,'Sedan','DL01AA1009'), (10,10,'Hatchback','DL01AA1010'), (11,11,'SUV','DL01AA1011'), (12,12,'Sedan','DL01AA1012'),
(13,13,'SUV','DL01AA1013'), (14,14,'Hatchback','DL01AA1014'), (15,15,'Sedan','DL01AA1015'), (16,16,'SUV','DL01AA1016'),
(17,17,'Sedan','DL01AA1017'), (18,18,'Hatchback','DL01AA1018'), (19,19,'SUV','DL01AA1019'), (20,20,'Sedan','DL01AA1020'),
(21,21,'Hatchback','DL01AA1021'), (22,22,'SUV','DL01AA1022'), (23,23,'Sedan','DL01AA1023'), (24,24,'Hatchback','DL01AA1024'),
(25,25,'SUV','DL01AA1025'), (26,26,'Sedan','HR01AB1026'), (27,27,'Hatchback','HR01AB1027'), (28,28,'SUV','HR01AB1028'),
(29,29,'Sedan','HR01AB1029'), (30,30,'Hatchback','HR01AB1030'), (31,31,'SUV','HR01AB1031'), (32,32,'Sedan','HR01AB1032'),
(33,33,'Hatchback','HR01AB1033'), (34,34,'SUV','HR01AB1034'), (35,35,'Sedan','HR01AB1035'), (36,36,'Hatchback','HR01AB1036'),
(37,37,'SUV','HR01AB1037'), (38,38,'Sedan','HR01AB1038'), (39,39,'Hatchback','HR01AB1039'), (40,40,'SUV','HR01AB1040'),
(41,41,'Sedan','UP16AC1041'), (42,42,'Hatchback','UP16AC1042'), (43,43,'SUV','UP16AC1043'), (44,44,'Sedan','UP16AC1044'),
(45,45,'Hatchback','UP16AC1045'), (46,46,'SUV','UP16AC1046'), (47,47,'Sedan','UP16AC1047'), (48,48,'Hatchback','UP16AC1048'),
(49,49,'SUV','UP16AC1049'), (50,50,'Sedan','UP16AC1050');

-- Insert Bookings (70 total for variety)
INSERT INTO Bookings (BookingID, CustomerID, DriverID, CabID, BookingDate, TripStart, TripEnd, Status, PickupLocation, DropoffLocation, Fare) VALUES
(101,1,1,1,'2025-09-25 08:00:00','2025-09-25 08:10:00','2025-09-25 08:35:00','Completed','Dwarka Sector 10','Connaught Place',450.00),
(102,2,2,2,'2025-09-25 09:15:00','2025-09-25 09:25:00','2025-09-25 10:00:00','Completed','Gurgaon Cyber Hub','IGI Airport T3',600.00),
(103,3,5,5,'2025-09-26 18:00:00','2025-09-26 18:05:00','2025-09-26 18:30:00','Completed','Lajpat Nagar','Saket Mall',350.00),
(104,1,6,6,'2025-09-27 10:00:00','2025-09-27 10:05:00','2025-09-27 10:30:00','Completed','Connaught Place','Lajpat Nagar',380.00),
(105,2,9,9,'2025-09-22 17:30:00','2025-09-22 17:40:00','2025-09-22 18:05:00','Completed','Noida Sector 62','Gurgaon Cyber Hub',750.00),
(106,3,10,10,'2025-09-23 07:00:00','2025-09-23 07:05:00','2025-09-23 07:25:00','Completed','IGI Airport T3','Dwarka Sector 10',420.00),
(107,5,13,13,'2025-09-24 13:00:00','2025-09-24 13:05:00','2025-09-24 13:20:00','Completed','Saket Mall','Lajpat Nagar',280.00),
(108,6,16,16,'2025-09-28 11:00:00','2025-09-28 11:15:00','2025-09-28 11:45:00','Completed','Connaught Place','Dwarka Sector 10',450.00),
(109,7,17,17,'2025-09-29 19:00:00','2025-09-29 19:05:00','2025-09-29 19:35:00','Completed','Gurgaon Cyber Hub','Noida Sector 62',700.00),
(110,9,19,19,'2025-08-01 10:00:00','2025-08-01 10:05:00','2025-08-01 10:25:00','Completed','Dwarka Sector 10','Connaught Place',400.00),
(111,10,21,21,'2025-08-05 12:00:00','2025-08-05 12:05:00','2025-08-05 12:20:00','Completed','Lajpat Nagar','Saket Mall',250.00),
(112,1,22,22,'2025-09-25 15:00:00','2025-09-25 15:02:00','2025-09-25 15:15:00','Completed','Saket Mall','Nehru Place',180.00),
(113,2,23,23,'2025-09-25 16:30:00','2025-09-25 16:35:00','2025-09-25 17:00:00','Completed','IGI Airport T3','Vasant Kunj',390.00),
(114,3,25,25,'2025-09-26 09:00:00','2025-09-26 09:10:00','2025-09-26 09:40:00','Completed','Connaught Place','Dwarka Sector 10',450.00),
(115,11,26,26,'2025-09-27 12:00:00','2025-09-27 12:15:00','2025-09-27 12:45:00','Completed','Noida Sector 62','Gurgaon Cyber Hub',750.00),
(116,12,27,27,'2025-09-27 14:00:00','2025-09-27 14:05:00','2025-09-27 14:25:00','Completed','Dwarka Sector 10','IGI Airport T3',420.00),
(117,13,29,29,'2025-09-27 16:00:00','2025-09-27 16:15:00','2025-09-27 16:40:00','Completed','Lajpat Nagar','Saket Mall',350.00),
(118,14,31,31,'2025-09-27 18:30:00','2025-09-27 18:40:00','2025-09-27 19:15:00','Completed','Gurgaon Cyber Hub','Connaught Place',600.00),
(119,15,32,32,'2025-09-28 09:30:00','2025-09-28 09:40:00','2025-09-28 10:05:00','Completed','IGI Airport T3','Dwarka Sector 10',420.00),
(120,16,33,33,'2025-09-28 17:00:00','2025-09-28 17:05:00','2025-09-28 17:25:00','Completed','Noida Sector 62','Saket Mall',380.00),
(121,17,35,35,'2025-09-29 08:30:00','2025-09-29 08:35:00','2025-09-29 09:00:00','Completed','Connaught Place','Lajpat Nagar',350.00),
(122,18,37,37,'2025-09-29 11:30:00','2025-09-29 11:45:00','2025-09-29 12:10:00','Completed','Dwarka Sector 10','Gurgaon Cyber Hub',750.00),
(123,19,39,39,'2025-09-30 13:00:00','2025-09-30 13:05:00','2025-09-30 13:30:00','Completed','Lajpat Nagar','IGI Airport T3',380.00),
(124,20,40,40,'2025-09-30 17:00:00','2025-09-30 17:10:00','2025-09-30 17:35:00','Completed','Saket Mall','Noida Sector 62',650.00),
(125,25,1,1,'2025-07-01 06:00:00','2025-07-01 06:10:00','2025-07-01 07:30:00','Completed','Delhi','Chandigarh',1800.00),
(126,26,2,2,'2025-07-05 14:00:00','2025-07-05 14:10:00','2025-07-05 15:20:00','Completed','Mumbai','Pune',1500.00),
(127,27,3,3,'2025-08-10 11:00:00','2025-08-10 11:15:00','2025-08-10 12:30:00','Completed','Chennai','Bengaluru',1650.00),
(128,4,8,8,'2025-09-25 12:00:00','2025-09-25 12:30:00','2025-09-25 13:00:00','Completed','Dwarka Sector 10','Nehru Place',300.00),
(129,4,15,15,'2025-09-26 14:00:00','2025-09-26 14:15:00','2025-09-26 14:40:00','Completed','Gurgaon Cyber Hub','Connaught Place',550.00),
(130,4,12,12,'2025-09-27 07:00:00',NULL,NULL,'Cancelled','Dwarka Sector 10','IGI Airport T3',400.00),
(131,4,10,10,'2025-09-27 11:00:00',NULL,NULL,'Cancelled','IGI Airport T3','Connaught Place',400.00),
(132,4,4,4,'2025-09-27 15:00:00',NULL,NULL,'Cancelled','Connaught Place','Lajpat Nagar',350.00),
(133,5,12,12,'2025-09-26 08:30:00',NULL,NULL,'Cancelled','Saket Mall','Noida Sector 62',600.00),
(134,6,12,12,'2025-09-26 16:30:00',NULL,NULL,'Cancelled','Lajpat Nagar','Gurgaon Cyber Hub',650.00),
(135,10,1,1,'2025-09-24 20:00:00','2025-09-24 20:05:00','2025-09-24 20:20:00','Completed','Nehru Place','Saket Mall',180.00),
(136,11,2,2,'2025-09-23 10:30:00','2025-09-23 10:45:00','2025-09-23 11:15:00','Completed','Connaught Place','Dwarka Sector 10',450.00),
(137,12,3,3,'2025-09-22 14:00:00','2025-09-22 14:05:00','2025-09-22 14:25:00','Completed','IGI Airport T3','Vasant Kunj',390.00),
(138,13,4,4,'2025-09-21 09:00:00','2025-09-21 09:10:00','2025-09-21 09:40:00','Completed','Dwarka Sector 10','Connaught Place',450.00),
(139,14,5,5,'2025-09-20 17:30:00','2025-09-20 17:40:00','2025-09-20 18:05:00','Completed','Gurgaon Cyber Hub','Noida Sector 62',750.00),
(140,15,6,6,'2025-09-15 08:00:00','2025-09-15 08:05:00','2025-09-15 08:25:00','Completed','Noida Sector 62','Gurgaon Cyber Hub',700.00),
(141,16,7,7,'2025-09-10 11:00:00','2025-09-10 11:10:00','2025-09-10 11:30:00','Completed','Lajpat Nagar','Saket Mall',280.00),
(142,17,9,9,'2025-09-05 13:00:00','2025-09-05 13:05:00','2025-09-05 13:20:00','Completed','Saket Mall','Nehru Place',180.00),
(143,18,10,10,'2025-08-25 16:00:00','2025-08-25 16:15:00','2025-08-25 16:45:00','Completed','Connaught Place','Dwarka Sector 10',450.00),
(144,19,11,11,'2025-08-20 18:00:00','2025-08-20 18:05:00','2025-08-20 18:25:00','Completed','IGI Airport T3','Vasant Kunj',390.00),
(145,20,13,13,'2025-07-20 09:00:00','2025-07-20 09:05:00','2025-07-20 09:30:00','Completed','Dwarka Sector 10','Connaught Place',450.00),
(146,21,14,14,'2025-06-20 12:00:00','2025-06-20 12:05:00','2025-06-20 12:30:00','Completed','Gurgaon Cyber Hub','IGI Airport T3',600.00),
(147,22,16,16,'2025-05-15 15:00:00','2025-05-15 15:10:00','2025-05-15 15:40:00','Completed','Lajpat Nagar','Saket Mall',350.00),
(148,23,17,17,'2025-04-10 11:00:00','2025-04-10 11:15:00','2025-04-10 11:45:00','Completed','Saket Mall','Lajpat Nagar',380.00),
(149,24,18,18,'2025-03-01 16:00:00','2025-03-01 16:05:00','2025-03-01 16:25:00','Completed','Connaught Place','Dwarka Sector 10',450.00),
(150,28,20,20,'2025-09-25 11:00:00','2025-09-25 11:10:00','2025-09-25 11:40:00','Completed','IGI Airport T3','Noida Sector 62',600.00),
(151,30,22,22,'2025-09-24 08:30:00','2025-09-24 08:45:00','2025-09-24 09:10:00','Completed','Dwarka Sector 10','Gurgaon Cyber Hub',750.00),
(152,32,24,24,'2025-09-23 16:00:00','2025-09-23 16:05:00','2025-09-23 16:30:00','Completed','Noida Sector 62','Connaught Place',550.00),
(153,35,26,26,'2025-09-22 11:00:00','2025-09-22 11:20:00','2025-09-22 11:50:00','Completed','Connaught Place','Saket Mall',350.00),
(154,37,28,28,'2025-09-21 14:00:00','2025-09-21 14:05:00','2025-09-21 14:25:00','Completed','Saket Mall','Lajpat Nagar',280.00),
(155,40,30,30,'2025-09-20 10:00:00','2025-09-20 10:10:00','2025-09-20 10:35:00','Completed','Lajpat Nagar','IGI Airport T3',380.00);

-- Add cancellation reasons for cancelled bookings (ADDED THIS BLOCK)
UPDATE Bookings SET CancellationReason = 'Driver unavailable' WHERE BookingID = 130;
UPDATE Bookings SET CancellationReason = 'Changed my mind' WHERE BookingID = 131;
UPDATE Bookings SET CancellationReason = 'Found a cheaper ride' WHERE BookingID = 132;
UPDATE Bookings SET CancellationReason = 'Driver unavailable' WHERE BookingID = 133;
UPDATE Bookings SET CancellationReason = 'Took too long to arrive' WHERE BookingID = 134;

--  Insert TripDetails
INSERT INTO TripDetails (TripID, BookingID, DistanceKM, DurationMinutes) VALUES
(201,101,18.00,35), (202,102,25.00,35), (203,103,12.00,25), (204,104,15.00,25), (205,105,32.00,35),
(206,106,19.00,25), (207,107,8.00,15), (208,108,18.00,30), (209,109,30.00,30), (210,110,16.00,20),
(211,111,10.00,15), (212,112,4.00,13), (213,113,17.00,25), (214,114,18.00,30), (215,115,32.00,30),
(216,116,19.00,20), (217,117,12.00,25), (218,118,25.00,35), (219,119,19.00,25), (220,120,15.00,20),
(221,121,14.00,25), (222,122,35.00,25), (223,123,12.00,25), (224,124,28.00,25),
(225,125,75.00,80), (226,126,55.00,70), (227,127,65.00,75),
(228,128,10.00,30), (229,129,22.00,25),
(230,135,4.00,15), (231,136,18.00,30), (232,137,17.00,20), (233,138,18.00,30), (234,139,32.00,25),
(235,140,30.00,20), (236,141,12.00,20), (237,142,8.00,15), (238,143,18.00,30), (239,144,17.00,20),
(240,145,18.00,25), (241,146,25.00,25), (242,147,12.00,30), (243,148,15.00,30), (244,149,18.00,20),
(245,150,25.00,30), (246,151,32.00,25), (247,152,22.00,30), (248,153,14.00,30), (249,154,8.00,20),
(250,155,15.00,25);

-- ------------------------
-- FEEDBACK TABLE
INSERT INTO Feedback (FeedbackID, TripID, CustomerRating, DriverRating, Comments) VALUES
(301,201,5.0,4.8,'Fast and professional service.'), (302,202,4.5,4.5,'Smooth ride, high traffic handled well.'),
(303,203,4.0,3.9,'Driver was polite, car smelled faintly.'), (304,204,5.0,4.2,'Quick and efficient drop-off.'),
(305,205,4.8,4.6,'Very comfortable, great music.'), (306,206,4.0,3.5,'Driver took longer route than navigation suggested.'),
(307,207,5.0,4.0,'Excellent driver, knows the back roads.'), (308,208,2.0,2.5,'Driver was 30 mins late and rude. Never again.'),
(309,209,4.5,4.5,'Very professional service.'), (310,210,4.0,3.9,'Driver was quiet and focused.'),
(311,211,5.0,4.5,'Clean SUV, good driving.'), (312,212,5.0,4.8,'Very quick, excellent short trip.'),
(313,213,4.0,3.8,'Good trip, polite driver.'), (314,214,5.0,4.5,'Quick and efficient.'),
(315,215,4.0,4.0,'Comfortable ride.'), (316,216,4.5,4.5,'Punctual and reliable.'),
(317,217,5.0,4.0,'Fast service.'), (318,218,5.0,4.5,'Polite and courteous.'),
(319,219,4.5,4.4,'Very quick pickup.'), (320,220,4.0,3.8,'Good traffic management.'),
(321,221,4.5,4.0,'Easy booking and pickup.'), (322,222,2.5,2.7,'Driver did not know the route, relied on me.'),
(323,223,5.0,4.5,'Perfect long trip.'), (324,224,4.0,4.0,'Great service.'),
(325,225,5.0,4.8,'Smooth inter-city travel.'), (326,226,4.5,4.5,'Good long route management.'),
(327,227,4.0,3.9,'Driver was safe and steady.'), (328,228,3.5,3.3,'Trip was okay.'),
(329,229,4.8,4.4,'Quick pickup, smooth ride.'), (330,230,5.0,4.7,'Excellent for a short ride.'),
(331,231,4.0,3.9,'Good traffic handling.'), (332,232,5.0,4.8,'Excellent.'),
(333,233,4.5,4.2,'Nice.'), (334,234,4.0,3.8,'Good.'),
(335,235,5.0,4.7,'Great.'), (336,236,4.8,4.5,'Smooth.'),
(337,237,4.0,3.9,'Polite.'), (338,238,5.0,4.8,'Excellent service.'),
(339,239,4.5,4.5,'Good.'), (340,240,4.0,4.0,'Satisfied.'),
(341,241,4.8,4.4,'Very good.'), (342,242,5.0,4.7,'Excellent.'),
(343,243,4.5,4.5,'Good.'), (344,244,4.0,4.0,'Fast and reliable.'),
(345,245,4.8,4.4,'Excellent.'), (346,246,5.0,4.7,'Excellent.'),
(347,247,4.5,4.5,'Good.'), (348,248,4.0,4.0,'Satisfied.'),
(349,249,5.0,4.5,'Excellent.'), (350,250,4.5,4.2,'Good.');

